<?xml version="1.0" encoding="UTF-8"?>
<beans xmlns="http://www.springframework.org/schema/beans"
       xmlns:xsi="http://www.w3.org/2001/XMLSchema-instance"
       xmlns:context="http://www.springframework.org/schema/context"
       xmlns:mvc="http://www.springframework.org/schema/mvc"
       xsi:schemaLocation="http://www.springframework.org/schema/beans http://www.springframework.org/schema/beans/spring-beans.xsd
        http://www.springframework.org/schema/context http://www.springframework.org/schema/context/spring-context-4.0.xsd
        http://www.springframework.org/schema/mvc http://www.springframework.org/schema/mvc/spring-mvc-4.0.xsd">

    <!-- 配置自动扫描的包 -->
    <context:component-scan base-package="com.book.web"></context:component-scan>
    <mvc:annotation-driven>
        <mvc:message-converters register-defaults="true">
            <bean class="org.springframework.http.converter.StringHttpMessageConverter">
                <constructor-arg value="UTF-8" />
            </bean>
        </mvc:message-converters>
    </mvc:annotation-driven>

    <!-- 配置视图解析器 如何把handler 方法返回值解析为实际的物理视图 -->
    <!--prefix和suffix：查找视图页面的前缀和后缀（前缀[逻辑视图名]后缀）， -->
    <!-- 比如传进来的逻辑视图名为result，则该该jsp视图页面应该存放在“/WEB-INF/result.jsp”  -->
    <bean class="org.springframework.web.servlet.view.InternalResourceViewResolver">
        <property name = "prefix" value="/WEB-INF/jsp/"></property>
        <property name = "suffix" value = ".jsp"></property>
    </bean>
</beans>